region,idadmin1,idadmin2,admin1,admin2,shapeName,idadmin1_old,idadmin2_old,admin1_old,admin2_old
SUMATRA,11,1101,ACEH,SIMEULUE,Simeulue,11,1101,ACEH,SIMEULUE
SUMATRA,11,1102,ACEH,ACEH SINGKIL,Aceh Singkil,11,1102,ACEH,ACEH SINGKIL
SUMATRA,11,1103,ACEH,ACEH SELATAN,Aceh Selatan,11,1103,ACEH,ACEH SELATAN
SUMATRA,11,1104,ACEH,ACEH TENGGARA,Aceh Tenggara,11,1104,ACEH,ACEH TENGGARA
SUMATRA,11,1105,ACEH,ACEH TIMUR,Aceh Timur,11,1105,ACEH,ACEH TIMUR
SUMATRA,11,1106,ACEH,ACEH TENGAH,Aceh Tengah,11,1106,ACEH,ACEH TENGAH
SUMATRA,11,1107,ACEH,ACEH BARAT,Aceh Barat,11,1107,ACEH,ACEH BARAT
SUMATRA,11,1108,ACEH,ACEH BESAR,Aceh Besar,11,1108,ACEH,ACEH BESAR
SUMATRA,11,1109,ACEH,PIDIE,Pidie,11,1109,ACEH,PIDIE
SUMATRA,11,1110,ACEH,BIREUEN,Bireuen,11,1110,ACEH,BIREUEN
SUMATRA,11,1111,ACEH,ACEH UTARA,Aceh Utara,11,1111,ACEH,ACEH UTARA
SUMATRA,11,1112,ACEH,ACEH BARAT DAYA,Aceh Barat Daya,11,1112,ACEH,ACEH BARAT DAYA
SUMATRA,11,1113,ACEH,GAYO LUES,Gayo Lues,11,1113,ACEH,GAYO LUES
SUMATRA,11,1114,ACEH,ACEH TAMIANG,Aceh Tamiang,11,1114,ACEH,ACEH TAMIANG
SUMATRA,11,1115,ACEH,NAGAN RAYA,Nagan Raya,11,1115,ACEH,NAGAN RAYA
SUMATRA,11,1116,ACEH,ACEH JAYA,Aceh Jaya,11,1116,ACEH,ACEH JAYA
SUMATRA,11,1117,ACEH,BENER MERIAH,Bener Meriah,11,1117,ACEH,BENER MERIAH
SUMATRA,11,1118,ACEH,PIDIE JAYA,Pidie Jaya,11,1118,ACEH,PIDIE JAYA
SUMATRA,11,1171,ACEH,KOTA BANDA ACEH,Kota Banda Aceh,11,1171,ACEH,KOTA BANDA ACEH
SUMATRA,11,1172,ACEH,KOTA SABANG,Kota Sabang,11,1172,ACEH,KOTA SABANG
SUMATRA,11,1173,ACEH,KOTA LANGSA,Kota Langsa,11,1173,ACEH,KOTA LANGSA
SUMATRA,11,1174,ACEH,KOTA LHOKSEUMAWE,Kota Lhokseumawe,11,1174,ACEH,KOTA LHOKSEUMAWE
SUMATRA,11,1175,ACEH,KOTA SUBULUSSALAM,Kota Subulussalam,11,1175,ACEH,KOTA SUBULUSSALAM
SUMATRA,12,1201,SUMATRA UTARA,NIAS,Nias,12,1201,SUMATRA UTARA,NIAS
SUMATRA,12,1202,SUMATRA UTARA,MANDAILING NATAL,Mandailing Natal,12,1202,SUMATRA UTARA,MANDAILING NATAL
SUMATRA,12,1203,SUMATRA UTARA,TAPANULI SELATAN,Tapanuli Selatan,12,1203,SUMATRA UTARA,TAPANULI SELATAN
SUMATRA,12,1204,SUMATRA UTARA,TAPANULI TENGAH,Tapanuli Tengah,12,1204,SUMATRA UTARA,TAPANULI TENGAH
SUMATRA,12,1205,SUMATRA UTARA,TAPANULI UTARA,Tapanuli Utara,12,1205,SUMATRA UTARA,TAPANULI UTARA
SUMATRA,12,1206,SUMATRA UTARA,TOBA SAMOSIR,Toba Samosir,12,1206,SUMATRA UTARA,TOBA SAMOSIR
SUMATRA,12,1207,SUMATRA UTARA,LABUHAN BATU,Labuhan Batu,12,1207,SUMATRA UTARA,LABUHAN BATU
SUMATRA,12,1208,SUMATRA UTARA,ASAHAN,Asahan,12,1208,SUMATRA UTARA,ASAHAN
SUMATRA,12,1209,SUMATRA UTARA,SIMALUNGUN,Simalungun,12,1209,SUMATRA UTARA,SIMALUNGUN
SUMATRA,12,1210,SUMATRA UTARA,DAIRI,Dairi,12,1210,SUMATRA UTARA,DAIRI
SUMATRA,12,1211,SUMATRA UTARA,KARO,Karo,12,1211,SUMATRA UTARA,KARO
SUMATRA,12,1212,SUMATRA UTARA,DELI SERDANG,Deli Serdang,12,1212,SUMATRA UTARA,DELI SERDANG
SUMATRA,12,1213,SUMATRA UTARA,LANGKAT,Langkat,12,1213,SUMATRA UTARA,LANGKAT
SUMATRA,12,1214,SUMATRA UTARA,NIAS SELATAN,Nias Selatan,12,1214,SUMATRA UTARA,NIAS SELATAN
SUMATRA,12,1215,SUMATRA UTARA,HUMBANG HASUNDUTAN,Humbang Hasundutan,12,1215,SUMATRA UTARA,HUMBANG HASUNDUTAN
SUMATRA,12,1216,SUMATRA UTARA,PAKPAK BHARAT,Pakpak Bharat,12,1216,SUMATRA UTARA,PAKPAK BHARAT
SUMATRA,12,1217,SUMATRA UTARA,SAMOSIR,Samosir,12,1217,SUMATRA UTARA,SAMOSIR
SUMATRA,12,1218,SUMATRA UTARA,SERDANG BEDAGAI,Serdang Bedagai,12,1218,SUMATRA UTARA,SERDANG BEDAGAI
SUMATRA,12,1219,SUMATRA UTARA,BATU BARA,Batu Bara,12,1219,SUMATRA UTARA,BATU BARA
SUMATRA,12,1220,SUMATRA UTARA,PADANG LAWAS UTARA,Padang Lawas Utara,12,1220,SUMATRA UTARA,PADANG LAWAS UTARA
SUMATRA,12,1221,SUMATRA UTARA,PADANG LAWAS,Padang Lawas,12,1221,SUMATRA UTARA,PADANG LAWAS
SUMATRA,12,1222,SUMATRA UTARA,LABUHAN BATU SELATAN,Labuhan Batu Selatan,12,1222,SUMATRA UTARA,LABUHAN BATU SELATAN
SUMATRA,12,1223,SUMATRA UTARA,LABUHAN BATU UTARA,Labuhan Batu Utara,12,1223,SUMATRA UTARA,LABUHAN BATU UTARA
SUMATRA,12,1224,SUMATRA UTARA,NIAS UTARA,Nias Utara,12,1224,SUMATRA UTARA,NIAS UTARA
SUMATRA,12,1225,SUMATRA UTARA,NIAS BARAT,Nias Barat,12,1225,SUMATRA UTARA,NIAS BARAT
SUMATRA,12,1271,SUMATRA UTARA,KOTA SIBOLGA,Kota Sibolga,12,1271,SUMATRA UTARA,KOTA SIBOLGA
SUMATRA,12,1272,SUMATRA UTARA,KOTA TANJUNG BALAI,Kota Tanjung Balai,12,1272,SUMATRA UTARA,KOTA TANJUNG BALAI
SUMATRA,12,1273,SUMATRA UTARA,KOTA PEMATANG SIANTAR,Kota Pematang Siantar,12,1273,SUMATRA UTARA,KOTA PEMATANG SIANTAR
SUMATRA,12,1274,SUMATRA UTARA,KOTA TEBING TINGGI,Kota Tebing Tinggi,12,1274,SUMATRA UTARA,KOTA TEBING TINGGI
SUMATRA,12,1275,SUMATRA UTARA,KOTA MEDAN,Kota Medan,12,1275,SUMATRA UTARA,KOTA MEDAN
SUMATRA,12,1276,SUMATRA UTARA,KOTA BINJAI,Kota Binjai,12,1276,SUMATRA UTARA,KOTA BINJAI
SUMATRA,12,1277,SUMATRA UTARA,KOTA PADANGSIDIMPUAN,Kota Padangsidimpuan,12,1277,SUMATRA UTARA,KOTA PADANGSIDIMPUAN
SUMATRA,12,1278,SUMATRA UTARA,KOTA GUNUNGSITOLI,Kota Gunungsitoli,12,1278,SUMATRA UTARA,KOTA GUNUNGSITOLI
SUMATRA,13,1301,SUMATRA BARAT,KEPULAUAN MENTAWAI,Kepulauan Mentawai,13,1301,SUMATRA BARAT,KEPULAUAN MENTAWAI
SUMATRA,13,1302,SUMATRA BARAT,PESISIR SELATAN,Pesisir Selatan,13,1302,SUMATRA BARAT,PESISIR SELATAN
SUMATRA,13,1303,SUMATRA BARAT,SOLOK,Solok,13,1303,SUMATRA BARAT,SOLOK
SUMATRA,13,1304,SUMATRA BARAT,SIJUNJUNG,Sijunjung,13,1304,SUMATRA BARAT,SIJUNJUNG
SUMATRA,13,1305,SUMATRA BARAT,TANAH DATAR,Tanah Datar,13,1305,SUMATRA BARAT,TANAH DATAR
SUMATRA,13,1306,SUMATRA BARAT,PADANG PARIAMAN,Padang Pariaman,13,1306,SUMATRA BARAT,PADANG PARIAMAN
SUMATRA,13,1307,SUMATRA BARAT,AGAM,Agam,13,1307,SUMATRA BARAT,AGAM
SUMATRA,13,1308,SUMATRA BARAT,LIMA PULUH KOTA,Lima Puluh Kota,13,1308,SUMATRA BARAT,LIMA PULUH KOTA
SUMATRA,13,1309,SUMATRA BARAT,PASAMAN,Pasaman,13,1309,SUMATRA BARAT,PASAMAN
SUMATRA,13,1310,SUMATRA BARAT,SOLOK SELATAN,Solok Selatan,13,1310,SUMATRA BARAT,SOLOK SELATAN
SUMATRA,13,1311,SUMATRA BARAT,DHARMASRAYA,Dharmasraya,13,1311,SUMATRA BARAT,DHARMASRAYA
SUMATRA,13,1312,SUMATRA BARAT,PASAMAN BARAT,Pasaman Barat,13,1312,SUMATRA BARAT,PASAMAN BARAT
SUMATRA,13,1371,SUMATRA BARAT,KOTA PADANG,Kota Padang,13,1371,SUMATRA BARAT,KOTA PADANG
SUMATRA,13,1372,SUMATRA BARAT,KOTA SOLOK,Kota Solok,13,1372,SUMATRA BARAT,KOTA SOLOK
SUMATRA,13,1373,SUMATRA BARAT,KOTA SAWAH LUNTO,Kota Sawah Lunto,13,1373,SUMATRA BARAT,KOTA SAWAH LUNTO
SUMATRA,13,1374,SUMATRA BARAT,KOTA PADANG PANJANG,Kota Padang Panjang,13,1374,SUMATRA BARAT,KOTA PADANG PANJANG
SUMATRA,13,1375,SUMATRA BARAT,KOTA BUKITTINGGI,Kota Bukittinggi,13,1375,SUMATRA BARAT,KOTA BUKITTINGGI
SUMATRA,13,1376,SUMATRA BARAT,KOTA PAYAKUMBUH,Kota Payakumbuh,13,1376,SUMATRA BARAT,KOTA PAYAKUMBUH
SUMATRA,13,1377,SUMATRA BARAT,KOTA PARIAMAN,Kota Pariaman,13,1377,SUMATRA BARAT,KOTA PARIAMAN
SUMATRA,14,1401,RIAU,KUANTAN SINGINGI,Kuantan Singingi,14,1401,RIAU,KUANTAN SINGINGI
SUMATRA,14,1402,RIAU,INDRAGIRI HULU,Indragiri Hulu,14,1402,RIAU,INDRAGIRI HULU
SUMATRA,14,1403,RIAU,INDRAGIRI HILIR,Indragiri Hilir,14,1403,RIAU,INDRAGIRI HILIR
SUMATRA,14,1404,RIAU,PELALAWAN,Pelalawan,14,1404,RIAU,PELALAWAN
SUMATRA,14,1405,RIAU,SIAK,Siak,14,1405,RIAU,SIAK
SUMATRA,14,1406,RIAU,KAMPAR,Kampar,14,1406,RIAU,KAMPAR
SUMATRA,14,1407,RIAU,ROKAN HULU,Rokan Hulu,14,1407,RIAU,ROKAN HULU
SUMATRA,14,1408,RIAU,BENGKALIS,Bengkalis,14,1408,RIAU,BENGKALIS
SUMATRA,14,1409,RIAU,ROKAN HILIR,Rokan Hilir,14,1409,RIAU,ROKAN HILIR
SUMATRA,14,1410,RIAU,KEPULAUAN MERANTI,Kepulauan Meranti,14,1410,RIAU,KEPULAUAN MERANTI
SUMATRA,14,1471,RIAU,KOTA PEKANBARU,Kota Pekanbaru,14,1471,RIAU,KOTA PEKANBARU
SUMATRA,14,1473,RIAU,KOTA DUMAI,Kota Dumai,14,1473,RIAU,KOTA DUMAI
SUMATRA,15,1501,JAMBI,KERINCI,Kerinci,15,1501,JAMBI,KERINCI
SUMATRA,15,1502,JAMBI,MERANGIN,Merangin,15,1502,JAMBI,MERANGIN
SUMATRA,15,1503,JAMBI,SAROLANGUN,Sarolangun,15,1503,JAMBI,SAROLANGUN
SUMATRA,15,1504,JAMBI,BATANG HARI,Batang Hari,15,1504,JAMBI,BATANG HARI
SUMATRA,15,1505,JAMBI,MUARO JAMBI,Muaro Jambi,15,1505,JAMBI,MUARO JAMBI
SUMATRA,15,1506,JAMBI,TANJUNG JABUNG TIMUR,Tanjung Jabung Timur,15,1506,JAMBI,TANJUNG JABUNG TIMUR
SUMATRA,15,1507,JAMBI,TANJUNG JABUNG BARAT,Tanjung Jabung Barat,15,1507,JAMBI,TANJUNG JABUNG BARAT
SUMATRA,15,1508,JAMBI,TEBO,Tebo,15,1508,JAMBI,TEBO
SUMATRA,15,1509,JAMBI,BUNGO,Bungo,15,1509,JAMBI,BUNGO
SUMATRA,15,1571,JAMBI,KOTA JAMBI,Kota Jambi,15,1571,JAMBI,KOTA JAMBI
SUMATRA,15,1572,JAMBI,KOTA SUNGAI PENUH,Kota Sungai Penuh,15,1572,JAMBI,KOTA SUNGAI PENUH
SUMATRA,16,1601,SUMATRA SELATAN,OGAN KOMERING ULU,Ogan Komering Ulu,16,1601,SUMATRA SELATAN,OGAN KOMERING ULU
SUMATRA,16,1602,SUMATRA SELATAN,OGAN KOMERING ILIR,Ogan Komering Ilir,16,1602,SUMATRA SELATAN,OGAN KOMERING ILIR
SUMATRA,16,1603,SUMATRA SELATAN,MUARA ENIM,Muara Enim,16,1603,SUMATRA SELATAN,MUARA ENIM
SUMATRA,16,1604,SUMATRA SELATAN,LAHAT,Lahat,16,1604,SUMATRA SELATAN,LAHAT
SUMATRA,16,1605,SUMATRA SELATAN,MUSI RAWAS,Musi Rawas,16,1605,SUMATRA SELATAN,MUSI RAWAS
SUMATRA,16,1606,SUMATRA SELATAN,MUSI BANYUASIN,Musi Banyuasin,16,1606,SUMATRA SELATAN,MUSI BANYUASIN
SUMATRA,16,1607,SUMATRA SELATAN,BANYU ASIN,Banyu Asin,16,1607,SUMATRA SELATAN,BANYU ASIN
SUMATRA,16,1608,SUMATRA SELATAN,OGAN KOMERING ULU SELATAN,Ogan Komering Ulu Selatan,16,1608,SUMATRA SELATAN,OGAN KOMERING ULU SELATAN
SUMATRA,16,1609,SUMATRA SELATAN,OGAN KOMERING ULU TIMUR,Ogan Komering Ulu Timur,16,1609,SUMATRA SELATAN,OGAN KOMERING ULU TIMUR
SUMATRA,16,1610,SUMATRA SELATAN,OGAN ILIR,Ogan Ilir,16,1610,SUMATRA SELATAN,OGAN ILIR
SUMATRA,16,1611,SUMATRA SELATAN,EMPAT LAWANG,Empat Lawang,16,1611,SUMATRA SELATAN,EMPAT LAWANG
SUMATRA,16,1612,SUMATRA SELATAN,PENUKAL ABAB LEMATANG ILIR,Penukal Abab Lematang Ilir,16,1612,SUMATRA SELATAN,PENUKAL ABAB LEMATANG ILIR
SUMATRA,16,1613,SUMATRA SELATAN,MUSI RAWAS UTARA,Musi Rawas Utara,16,1613,SUMATRA SELATAN,MUSI RAWAS UTARA
SUMATRA,16,1671,SUMATRA SELATAN,KOTA PALEMBANG,Kota Palembang,16,1671,SUMATRA SELATAN,KOTA PALEMBANG
SUMATRA,16,1672,SUMATRA SELATAN,KOTA PRABUMULIH,Kota Prabumulih,16,1672,SUMATRA SELATAN,KOTA PRABUMULIH
SUMATRA,16,1673,SUMATRA SELATAN,KOTA PAGAR ALAM,Kota Pagar Alam,16,1673,SUMATRA SELATAN,KOTA PAGAR ALAM
SUMATRA,16,1674,SUMATRA SELATAN,KOTA LUBUKLINGGAU,Kota Lubuklinggau,16,1674,SUMATRA SELATAN,KOTA LUBUKLINGGAU
SUMATRA,17,1701,BENGKULU,BENGKULU SELATAN,Bengkulu Selatan,17,1701,BENGKULU,BENGKULU SELATAN
SUMATRA,17,1702,BENGKULU,REJANG LEBONG,Rejang Lebong,17,1702,BENGKULU,REJANG LEBONG
SUMATRA,17,1703,BENGKULU,BENGKULU UTARA,Bengkulu Utara,17,1703,BENGKULU,BENGKULU UTARA
SUMATRA,17,1704,BENGKULU,KAUR,Kaur,17,1704,BENGKULU,KAUR
SUMATRA,17,1705,BENGKULU,SELUMA,Seluma,17,1705,BENGKULU,SELUMA
SUMATRA,17,1706,BENGKULU,MUKOMUKO,Mukomuko,17,1706,BENGKULU,MUKOMUKO
SUMATRA,17,1707,BENGKULU,LEBONG,Lebong,17,1707,BENGKULU,LEBONG
SUMATRA,17,1708,BENGKULU,KEPAHIANG,Kepahiang,17,1708,BENGKULU,KEPAHIANG
SUMATRA,17,1709,BENGKULU,BENGKULU TENGAH,Bengkulu Tengah,17,1709,BENGKULU,BENGKULU TENGAH
SUMATRA,17,1771,BENGKULU,KOTA BENGKULU,Kota Bengkulu,17,1771,BENGKULU,KOTA BENGKULU
SUMATRA,18,1801,LAMPUNG,LAMPUNG BARAT,Lampung Barat,18,1801,LAMPUNG,LAMPUNG BARAT
SUMATRA,18,1802,LAMPUNG,TANGGAMUS,Tanggamus,18,1802,LAMPUNG,TANGGAMUS
SUMATRA,18,1803,LAMPUNG,LAMPUNG SELATAN,Lampung Selatan,18,1803,LAMPUNG,LAMPUNG SELATAN
SUMATRA,18,1804,LAMPUNG,LAMPUNG TIMUR,Lampung Timur,18,1804,LAMPUNG,LAMPUNG TIMUR
SUMATRA,18,1805,LAMPUNG,LAMPUNG TENGAH,Lampung Tengah,18,1805,LAMPUNG,LAMPUNG TENGAH
SUMATRA,18,1806,LAMPUNG,LAMPUNG UTARA,Lampung Utara,18,1806,LAMPUNG,LAMPUNG UTARA
SUMATRA,18,1807,LAMPUNG,WAY KANAN,Way Kanan,18,1807,LAMPUNG,WAY KANAN
SUMATRA,18,1808,LAMPUNG,TULANGBAWANG,Tulangbawang,18,1808,LAMPUNG,TULANGBAWANG
SUMATRA,18,1809,LAMPUNG,PESAWARAN,Pesawaran,18,1809,LAMPUNG,PESAWARAN
SUMATRA,18,1810,LAMPUNG,PRINGSEWU,Pringsewu,18,1810,LAMPUNG,PRINGSEWU
SUMATRA,18,1811,LAMPUNG,MESUJI,Mesuji,18,1811,LAMPUNG,MESUJI
SUMATRA,18,1812,LAMPUNG,TULANG BAWANG BARAT,Tulang Bawang Barat,18,1812,LAMPUNG,TULANG BAWANG BARAT
SUMATRA,18,1813,LAMPUNG,PESISIR BARAT,Pesisir Barat,18,1813,LAMPUNG,PESISIR BARAT
SUMATRA,18,1871,LAMPUNG,KOTA BANDAR LAMPUNG,Kota Bandar Lampung,18,1871,LAMPUNG,KOTA BANDAR LAMPUNG
SUMATRA,18,1872,LAMPUNG,KOTA METRO,Kota Metro,18,1872,LAMPUNG,KOTA METRO
SUMATRA,19,1901,KEPULAUAN BANGKA BELITUNG,BANGKA,Bangka,19,1901,KEPULAUAN BANGKA BELITUNG,BANGKA
SUMATRA,19,1902,KEPULAUAN BANGKA BELITUNG,BELITUNG,Belitung,19,1902,KEPULAUAN BANGKA BELITUNG,BELITUNG
SUMATRA,19,1903,KEPULAUAN BANGKA BELITUNG,BANGKA BARAT,Bangka Barat,19,1903,KEPULAUAN BANGKA BELITUNG,BANGKA BARAT
SUMATRA,19,1904,KEPULAUAN BANGKA BELITUNG,BANGKA TENGAH,Bangka Tengah,19,1904,KEPULAUAN BANGKA BELITUNG,BANGKA TENGAH
SUMATRA,19,1905,KEPULAUAN BANGKA BELITUNG,BANGKA SELATAN,Bangka Selatan,19,1905,KEPULAUAN BANGKA BELITUNG,BANGKA SELATAN
SUMATRA,19,1906,KEPULAUAN BANGKA BELITUNG,BELITUNG TIMUR,Belitung Timur,19,1906,KEPULAUAN BANGKA BELITUNG,BELITUNG TIMUR
SUMATRA,19,1971,KEPULAUAN BANGKA BELITUNG,KOTA PANGKAL PINANG,Kota Pangkal Pinang,19,1971,KEPULAUAN BANGKA BELITUNG,KOTA PANGKAL PINANG
SUMATRA,21,2101,KEPULAUAN RIAU,KARIMUN,Karimun,21,2101,KEPULAUAN RIAU,KARIMUN
SUMATRA,21,2102,KEPULAUAN RIAU,BINTAN,Bintan,21,2102,KEPULAUAN RIAU,BINTAN
SUMATRA,21,2103,KEPULAUAN RIAU,NATUNA,Natuna,21,2103,KEPULAUAN RIAU,NATUNA
SUMATRA,21,2104,KEPULAUAN RIAU,LINGGA,Lingga,21,2104,KEPULAUAN RIAU,LINGGA
SUMATRA,21,2105,KEPULAUAN RIAU,KEPULAUAN ANAMBAS,Kepulauan Anambas,21,2105,KEPULAUAN RIAU,KEPULAUAN ANAMBAS
SUMATRA,21,2171,KEPULAUAN RIAU,KOTA BATAM,Kota Batam,21,2171,KEPULAUAN RIAU,KOTA BATAM
SUMATRA,21,2172,KEPULAUAN RIAU,KOTA TANJUNG PINANG,Kota Tanjung Pinang,21,2172,KEPULAUAN RIAU,KOTA TANJUNG PINANG
JAVA & BALI,31,3101,DKI JAKARTA,KEPULAUAN SERIBU,Kepulauan Seribu,31,3101,DKI JAKARTA,KEPULAUAN SERIBU
JAVA & BALI,31,3171,DKI JAKARTA,KOTA JAKARTA SELATAN,Kota Jakarta Selatan,31,3171,DKI JAKARTA,KOTA JAKARTA SELATAN
JAVA & BALI,31,3172,DKI JAKARTA,KOTA JAKARTA TIMUR,Kota Jakarta Timur,31,3172,DKI JAKARTA,KOTA JAKARTA TIMUR
JAVA & BALI,31,3173,DKI JAKARTA,KOTA JAKARTA PUSAT,Kota Jakarta Pusat,31,3173,DKI JAKARTA,KOTA JAKARTA PUSAT
JAVA & BALI,31,3174,DKI JAKARTA,KOTA JAKARTA BARAT,Kota Jakarta Barat,31,3174,DKI JAKARTA,KOTA JAKARTA BARAT
JAVA & BALI,31,3175,DKI JAKARTA,KOTA JAKARTA UTARA,Kota Jakarta Utara,31,3175,DKI JAKARTA,KOTA JAKARTA UTARA
JAVA & BALI,32,3201,JAWA BARAT,BOGOR,Bogor,32,3201,JAWA BARAT,BOGOR
JAVA & BALI,32,3202,JAWA BARAT,SUKABUMI,Sukabumi,32,3202,JAWA BARAT,SUKABUMI
JAVA & BALI,32,3203,JAWA BARAT,CIANJUR,Cianjur,32,3203,JAWA BARAT,CIANJUR
JAVA & BALI,32,3204,JAWA BARAT,BANDUNG,Bandung,32,3204,JAWA BARAT,BANDUNG
JAVA & BALI,32,3205,JAWA BARAT,GARUT,Garut,32,3205,JAWA BARAT,GARUT
JAVA & BALI,32,3206,JAWA BARAT,TASIKMALAYA,Tasikmalaya,32,3206,JAWA BARAT,TASIKMALAYA
JAVA & BALI,32,3207,JAWA BARAT,CIAMIS,Ciamis,32,3207,JAWA BARAT,CIAMIS
JAVA & BALI,32,3208,JAWA BARAT,KUNINGAN,Kuningan,32,3208,JAWA BARAT,KUNINGAN
JAVA & BALI,32,3209,JAWA BARAT,CIREBON,Cirebon,32,3209,JAWA BARAT,CIREBON
JAVA & BALI,32,3210,JAWA BARAT,MAJALENGKA,Majalengka,32,3210,JAWA BARAT,MAJALENGKA
JAVA & BALI,32,3211,JAWA BARAT,SUMEDANG,Sumedang,32,3211,JAWA BARAT,SUMEDANG
JAVA & BALI,32,3212,JAWA BARAT,INDRAMAYU,Indramayu,32,3212,JAWA BARAT,INDRAMAYU
JAVA & BALI,32,3213,JAWA BARAT,SUBANG,Subang,32,3213,JAWA BARAT,SUBANG
JAVA & BALI,32,3214,JAWA BARAT,PURWAKARTA,Purwakarta,32,3214,JAWA BARAT,PURWAKARTA
JAVA & BALI,32,3215,JAWA BARAT,KARAWANG,Karawang,32,3215,JAWA BARAT,KARAWANG
JAVA & BALI,32,3216,JAWA BARAT,BEKASI,Bekasi,32,3216,JAWA BARAT,BEKASI
JAVA & BALI,32,3217,JAWA BARAT,BANDUNG BARAT,Bandung Barat,32,3217,JAWA BARAT,BANDUNG BARAT
JAVA & BALI,32,3218,JAWA BARAT,PANGANDARAN,Pangandaran,32,3218,JAWA BARAT,PANGANDARAN
JAVA & BALI,32,3271,JAWA BARAT,KOTA BOGOR,Kota Bogor,32,3271,JAWA BARAT,KOTA BOGOR
JAVA & BALI,32,3272,JAWA BARAT,KOTA SUKABUMI,Kota Sukabumi,32,3272,JAWA BARAT,KOTA SUKABUMI
JAVA & BALI,32,3273,JAWA BARAT,KOTA BANDUNG,Kota Bandung,32,3273,JAWA BARAT,KOTA BANDUNG
JAVA & BALI,32,3274,JAWA BARAT,KOTA CIREBON,Kota Cirebon,32,3274,JAWA BARAT,KOTA CIREBON
JAVA & BALI,32,3275,JAWA BARAT,KOTA BEKASI,Kota Bekasi,32,3275,JAWA BARAT,KOTA BEKASI
JAVA & BALI,32,3276,JAWA BARAT,KOTA DEPOK,Kota Depok,32,3276,JAWA BARAT,KOTA DEPOK
JAVA & BALI,32,3277,JAWA BARAT,KOTA CIMAHI,Kota Cimahi,32,3277,JAWA BARAT,KOTA CIMAHI
JAVA & BALI,32,3278,JAWA BARAT,KOTA TASIKMALAYA,Kota Tasikmalaya,32,3278,JAWA BARAT,KOTA TASIKMALAYA
JAVA & BALI,32,3279,JAWA BARAT,KOTA BANJAR,Kota Banjar,32,3279,JAWA BARAT,KOTA BANJAR
JAVA & BALI,33,3301,JAWA TENGAH,CILACAP,Cilacap,33,3301,JAWA TENGAH,CILACAP
JAVA & BALI,33,3302,JAWA TENGAH,BANYUMAS,Banyumas,33,3302,JAWA TENGAH,BANYUMAS
JAVA & BALI,33,3303,JAWA TENGAH,PURBALINGGA,Purbalingga,33,3303,JAWA TENGAH,PURBALINGGA
JAVA & BALI,33,3304,JAWA TENGAH,BANJARNEGARA,Banjarnegara,33,3304,JAWA TENGAH,BANJARNEGARA
JAVA & BALI,33,3305,JAWA TENGAH,KEBUMEN,Kebumen,33,3305,JAWA TENGAH,KEBUMEN
JAVA & BALI,33,3306,JAWA TENGAH,PURWOREJO,Purworejo,33,3306,JAWA TENGAH,PURWOREJO
JAVA & BALI,33,3307,JAWA TENGAH,WONOSOBO,Wonosobo,33,3307,JAWA TENGAH,WONOSOBO
JAVA & BALI,33,3308,JAWA TENGAH,MAGELANG,Magelang,33,3308,JAWA TENGAH,MAGELANG
JAVA & BALI,33,3309,JAWA TENGAH,BOYOLALI,Boyolali,33,3309,JAWA TENGAH,BOYOLALI
JAVA & BALI,33,3310,JAWA TENGAH,KLATEN,Klaten,33,3310,JAWA TENGAH,KLATEN
JAVA & BALI,33,3311,JAWA TENGAH,SUKOHARJO,Sukoharjo,33,3311,JAWA TENGAH,SUKOHARJO
JAVA & BALI,33,3312,JAWA TENGAH,WONOGIRI,Wonogiri,33,3312,JAWA TENGAH,WONOGIRI
JAVA & BALI,33,3313,JAWA TENGAH,KARANGANYAR,Karanganyar,33,3313,JAWA TENGAH,KARANGANYAR
JAVA & BALI,33,3314,JAWA TENGAH,SRAGEN,Sragen,33,3314,JAWA TENGAH,SRAGEN
JAVA & BALI,33,3315,JAWA TENGAH,GROBOGAN,Grobogan,33,3315,JAWA TENGAH,GROBOGAN
JAVA & BALI,33,3316,JAWA TENGAH,BLORA,Blora,33,3316,JAWA TENGAH,BLORA
JAVA & BALI,33,3317,JAWA TENGAH,REMBANG,Rembang,33,3317,JAWA TENGAH,REMBANG
JAVA & BALI,33,3318,JAWA TENGAH,PATI,Pati,33,3318,JAWA TENGAH,PATI
JAVA & BALI,33,3319,JAWA TENGAH,KUDUS,Kudus,33,3319,JAWA TENGAH,KUDUS
JAVA & BALI,33,3320,JAWA TENGAH,JEPARA,Jepara,33,3320,JAWA TENGAH,JEPARA
JAVA & BALI,33,3321,JAWA TENGAH,DEMAK,Demak,33,3321,JAWA TENGAH,DEMAK
JAVA & BALI,33,3322,JAWA TENGAH,SEMARANG,Semarang,33,3322,JAWA TENGAH,SEMARANG
JAVA & BALI,33,3323,JAWA TENGAH,TEMANGGUNG,Temanggung,33,3323,JAWA TENGAH,TEMANGGUNG
JAVA & BALI,33,3324,JAWA TENGAH,KENDAL,Kendal,33,3324,JAWA TENGAH,KENDAL
JAVA & BALI,33,3325,JAWA TENGAH,BATANG,Batang,33,3325,JAWA TENGAH,BATANG
JAVA & BALI,33,3326,JAWA TENGAH,PEKALONGAN,Pekalongan,33,3326,JAWA TENGAH,PEKALONGAN
JAVA & BALI,33,3327,JAWA TENGAH,PEMALANG,Pemalang,33,3327,JAWA TENGAH,PEMALANG
JAVA & BALI,33,3328,JAWA TENGAH,TEGAL,Tegal,33,3328,JAWA TENGAH,TEGAL
JAVA & BALI,33,3329,JAWA TENGAH,BREBES,Brebes,33,3329,JAWA TENGAH,BREBES
JAVA & BALI,33,3371,JAWA TENGAH,KOTA MAGELANG,Kota Magelang,33,3371,JAWA TENGAH,KOTA MAGELANG
JAVA & BALI,33,3372,JAWA TENGAH,KOTA SURAKARTA,Kota Surakarta,33,3372,JAWA TENGAH,KOTA SURAKARTA
JAVA & BALI,33,3373,JAWA TENGAH,KOTA SALATIGA,Kota Salatiga,33,3373,JAWA TENGAH,KOTA SALATIGA
JAVA & BALI,33,3374,JAWA TENGAH,KOTA SEMARANG,Kota Semarang,33,3374,JAWA TENGAH,KOTA SEMARANG
JAVA & BALI,33,3375,JAWA TENGAH,KOTA PEKALONGAN,Kota Pekalongan,33,3375,JAWA TENGAH,KOTA PEKALONGAN
JAVA & BALI,33,3376,JAWA TENGAH,KOTA TEGAL,Kota Tegal,33,3376,JAWA TENGAH,KOTA TEGAL
JAVA & BALI,34,3401,DAERAH ISTIMEWA YOGYAKARTA,KULON PROGO,Kulon Progo,34,3401,DAERAH ISTIMEWA YOGYAKARTA,KULON PROGO
JAVA & BALI,34,3402,DAERAH ISTIMEWA YOGYAKARTA,BANTUL,Bantul,34,3402,DAERAH ISTIMEWA YOGYAKARTA,BANTUL
JAVA & BALI,34,3403,DAERAH ISTIMEWA YOGYAKARTA,GUNUNG KIDUL,Gunung Kidul,34,3403,DAERAH ISTIMEWA YOGYAKARTA,GUNUNG KIDUL
JAVA & BALI,34,3404,DAERAH ISTIMEWA YOGYAKARTA,SLEMAN,Sleman,34,3404,DAERAH ISTIMEWA YOGYAKARTA,SLEMAN
JAVA & BALI,34,3471,DAERAH ISTIMEWA YOGYAKARTA,KOTA YOGYAKARTA,Kota Yogyakarta,34,3471,DAERAH ISTIMEWA YOGYAKARTA,KOTA YOGYAKARTA
JAVA & BALI,35,3501,JAWA TIMUR,PACITAN,Pacitan,35,3501,JAWA TIMUR,PACITAN
JAVA & BALI,35,3502,JAWA TIMUR,PONOROGO,Ponorogo,35,3502,JAWA TIMUR,PONOROGO
JAVA & BALI,35,3503,JAWA TIMUR,TRENGGALEK,Trenggalek,35,3503,JAWA TIMUR,TRENGGALEK
JAVA & BALI,35,3504,JAWA TIMUR,TULUNGAGUNG,Tulungagung,35,3504,JAWA TIMUR,TULUNGAGUNG
JAVA & BALI,35,3505,JAWA TIMUR,BLITAR,Blitar,35,3505,JAWA TIMUR,BLITAR
JAVA & BALI,35,3506,JAWA TIMUR,KEDIRI,Kediri,35,3506,JAWA TIMUR,KEDIRI
JAVA & BALI,35,3507,JAWA TIMUR,MALANG,Malang,35,3507,JAWA TIMUR,MALANG
JAVA & BALI,35,3508,JAWA TIMUR,LUMAJANG,Lumajang,35,3508,JAWA TIMUR,LUMAJANG
JAVA & BALI,35,3509,JAWA TIMUR,JEMBER,Jember,35,3509,JAWA TIMUR,JEMBER
JAVA & BALI,35,3510,JAWA TIMUR,BANYUWANGI,Banyuwangi,35,3510,JAWA TIMUR,BANYUWANGI
JAVA & BALI,35,3511,JAWA TIMUR,BONDOWOSO,Bondowoso,35,3511,JAWA TIMUR,BONDOWOSO
JAVA & BALI,35,3512,JAWA TIMUR,SITUBONDO,Situbondo,35,3512,JAWA TIMUR,SITUBONDO
JAVA & BALI,35,3513,JAWA TIMUR,PROBOLINGGO,Probolinggo,35,3513,JAWA TIMUR,PROBOLINGGO
JAVA & BALI,35,3514,JAWA TIMUR,PASURUAN,Pasuruan,35,3514,JAWA TIMUR,PASURUAN
JAVA & BALI,35,3515,JAWA TIMUR,SIDOARJO,Sidoarjo,35,3515,JAWA TIMUR,SIDOARJO
JAVA & BALI,35,3516,JAWA TIMUR,MOJOKERTO,Mojokerto,35,3516,JAWA TIMUR,MOJOKERTO
JAVA & BALI,35,3517,JAWA TIMUR,JOMBANG,Jombang,35,3517,JAWA TIMUR,JOMBANG
JAVA & BALI,35,3518,JAWA TIMUR,NGANJUK,Nganjuk,35,3518,JAWA TIMUR,NGANJUK
JAVA & BALI,35,3519,JAWA TIMUR,MADIUN,Madiun,35,3519,JAWA TIMUR,MADIUN
JAVA & BALI,35,3520,JAWA TIMUR,MAGETAN,Magetan,35,3520,JAWA TIMUR,MAGETAN
JAVA & BALI,35,3521,JAWA TIMUR,NGAWI,Ngawi,35,3521,JAWA TIMUR,NGAWI
JAVA & BALI,35,3522,JAWA TIMUR,BOJONEGORO,Bojonegoro,35,3522,JAWA TIMUR,BOJONEGORO
JAVA & BALI,35,3523,JAWA TIMUR,TUBAN,Tuban,35,3523,JAWA TIMUR,TUBAN
JAVA & BALI,35,3524,JAWA TIMUR,LAMONGAN,Lamongan,35,3524,JAWA TIMUR,LAMONGAN
JAVA & BALI,35,3525,JAWA TIMUR,GRESIK,Gresik,35,3525,JAWA TIMUR,GRESIK
JAVA & BALI,35,3526,JAWA TIMUR,BANGKALAN,Bangkalan,35,3526,JAWA TIMUR,BANGKALAN
JAVA & BALI,35,3527,JAWA TIMUR,SAMPANG,Sampang,35,3527,JAWA TIMUR,SAMPANG
JAVA & BALI,35,3528,JAWA TIMUR,PAMEKASAN,Pamekasan,35,3528,JAWA TIMUR,PAMEKASAN
JAVA & BALI,35,3529,JAWA TIMUR,SUMENEP,Sumenep,35,3529,JAWA TIMUR,SUMENEP
JAVA & BALI,35,3571,JAWA TIMUR,KOTA KEDIRI,Kota Kediri,35,3571,JAWA TIMUR,KOTA KEDIRI
JAVA & BALI,35,3572,JAWA TIMUR,KOTA BLITAR,Kota Blitar,35,3572,JAWA TIMUR,KOTA BLITAR
JAVA & BALI,35,3573,JAWA TIMUR,KOTA MALANG,Kota Malang,35,3573,JAWA TIMUR,KOTA MALANG
JAVA & BALI,35,3574,JAWA TIMUR,KOTA PROBOLINGGO,Kota Probolinggo,35,3574,JAWA TIMUR,KOTA PROBOLINGGO
JAVA & BALI,35,3575,JAWA TIMUR,KOTA PASURUAN,Kota Pasuruan,35,3575,JAWA TIMUR,KOTA PASURUAN
JAVA & BALI,35,3576,JAWA TIMUR,KOTA MOJOKERTO,Kota Mojokerto,35,3576,JAWA TIMUR,KOTA MOJOKERTO
JAVA & BALI,35,3577,JAWA TIMUR,KOTA MADIUN,Kota Madiun,35,3577,JAWA TIMUR,KOTA MADIUN
JAVA & BALI,35,3578,JAWA TIMUR,KOTA SURABAYA,Kota Surabaya,35,3578,JAWA TIMUR,KOTA SURABAYA
JAVA & BALI,35,3579,JAWA TIMUR,KOTA BATU,Kota Batu,35,3579,JAWA TIMUR,KOTA BATU
JAVA & BALI,36,3601,BANTEN,PANDEGLANG,Pandeglang,36,3601,BANTEN,PANDEGLANG
JAVA & BALI,36,3602,BANTEN,LEBAK,Lebak,36,3602,BANTEN,LEBAK
JAVA & BALI,36,3603,BANTEN,TANGERANG,Tangerang,36,3603,BANTEN,TANGERANG
JAVA & BALI,36,3604,BANTEN,SERANG,Serang,36,3604,BANTEN,SERANG
JAVA & BALI,36,3671,BANTEN,KOTA TANGERANG,Kota Tangerang,36,3671,BANTEN,KOTA TANGERANG
JAVA & BALI,36,3672,BANTEN,KOTA CILEGON,Kota Cilegon,36,3672,BANTEN,KOTA CILEGON
JAVA & BALI,36,3673,BANTEN,KOTA SERANG,Kota Serang,36,3673,BANTEN,KOTA SERANG
JAVA & BALI,36,3674,BANTEN,KOTA TANGERANG SELATAN,Kota Tangerang Selatan,36,3674,BANTEN,KOTA TANGERANG SELATAN
JAVA & BALI,51,5101,BALI,JEMBRANA,Jembrana,51,5101,BALI,JEMBRANA
JAVA & BALI,51,5102,BALI,TABANAN,Tabanan,51,5102,BALI,TABANAN
JAVA & BALI,51,5103,BALI,BADUNG,Badung,51,5103,BALI,BADUNG
JAVA & BALI,51,5104,BALI,GIANYAR,Gianyar,51,5104,BALI,GIANYAR
JAVA & BALI,51,5105,BALI,KLUNGKUNG,Klungkung,51,5105,BALI,KLUNGKUNG
JAVA & BALI,51,5106,BALI,BANGLI,Bangli,51,5106,BALI,BANGLI
JAVA & BALI,51,5107,BALI,KARANG ASEM,Karang Asem,51,5107,BALI,KARANG ASEM
JAVA & BALI,51,5108,BALI,BULELENG,Buleleng,51,5108,BALI,BULELENG
JAVA & BALI,51,5171,BALI,KOTA DENPASAR,Kota Denpasar,51,5171,BALI,KOTA DENPASAR
NUSA TENGGARA,52,5201,NUSA TENGGARA BARAT,LOMBOK BARAT,Lombok Barat,52,5201,NUSA TENGGARA BARAT,LOMBOK BARAT
NUSA TENGGARA,52,5202,NUSA TENGGARA BARAT,LOMBOK TENGAH,Lombok Tengah,52,5202,NUSA TENGGARA BARAT,LOMBOK TENGAH
NUSA TENGGARA,52,5203,NUSA TENGGARA BARAT,LOMBOK TIMUR,Lombok Timur,52,5203,NUSA TENGGARA BARAT,LOMBOK TIMUR
NUSA TENGGARA,52,5204,NUSA TENGGARA BARAT,SUMBAWA,Sumbawa,52,5204,NUSA TENGGARA BARAT,SUMBAWA
NUSA TENGGARA,52,5205,NUSA TENGGARA BARAT,DOMPU,Dompu,52,5205,NUSA TENGGARA BARAT,DOMPU
NUSA TENGGARA,52,5206,NUSA TENGGARA BARAT,BIMA,Bima,52,5206,NUSA TENGGARA BARAT,BIMA
NUSA TENGGARA,52,5207,NUSA TENGGARA BARAT,SUMBAWA BARAT,Sumbawa Barat,52,5207,NUSA TENGGARA BARAT,SUMBAWA BARAT
NUSA TENGGARA,52,5208,NUSA TENGGARA BARAT,LOMBOK UTARA,Lombok Utara,52,5208,NUSA TENGGARA BARAT,LOMBOK UTARA
NUSA TENGGARA,52,5271,NUSA TENGGARA BARAT,KOTA MATARAM,Kota Mataram,52,5271,NUSA TENGGARA BARAT,KOTA MATARAM
NUSA TENGGARA,52,5272,NUSA TENGGARA BARAT,KOTA BIMA,Kota Bima,52,5272,NUSA TENGGARA BARAT,KOTA BIMA
NUSA TENGGARA,53,5301,NUSA TENGGARA TIMUR,SUMBA BARAT,Sumba Barat,53,5301,NUSA TENGGARA TIMUR,SUMBA BARAT
NUSA TENGGARA,53,5302,NUSA TENGGARA TIMUR,SUMBA TIMUR,Sumba Timur,53,5302,NUSA TENGGARA TIMUR,SUMBA TIMUR
NUSA TENGGARA,53,5303,NUSA TENGGARA TIMUR,KUPANG,Kupang,53,5303,NUSA TENGGARA TIMUR,KUPANG
NUSA TENGGARA,53,5304,NUSA TENGGARA TIMUR,TIMOR TENGAH SELATAN,Timor Tengah Selatan,53,5304,NUSA TENGGARA TIMUR,TIMOR TENGAH SELATAN
NUSA TENGGARA,53,5305,NUSA TENGGARA TIMUR,TIMOR TENGAH UTARA,Timor Tengah Utara,53,5305,NUSA TENGGARA TIMUR,TIMOR TENGAH UTARA
NUSA TENGGARA,53,5306,NUSA TENGGARA TIMUR,BELU,Belu,53,5306,NUSA TENGGARA TIMUR,BELU
NUSA TENGGARA,53,5307,NUSA TENGGARA TIMUR,ALOR,Alor,53,5307,NUSA TENGGARA TIMUR,ALOR
NUSA TENGGARA,53,5308,NUSA TENGGARA TIMUR,LEMBATA,Lembata,53,5308,NUSA TENGGARA TIMUR,LEMBATA
NUSA TENGGARA,53,5309,NUSA TENGGARA TIMUR,FLORES TIMUR,Flores Timur,53,5309,NUSA TENGGARA TIMUR,FLORES TIMUR
NUSA TENGGARA,53,5310,NUSA TENGGARA TIMUR,SIKKA,Sikka,53,5310,NUSA TENGGARA TIMUR,SIKKA
NUSA TENGGARA,53,5311,NUSA TENGGARA TIMUR,ENDE,Ende,53,5311,NUSA TENGGARA TIMUR,ENDE
NUSA TENGGARA,53,5312,NUSA TENGGARA TIMUR,NGADA,Ngada,53,5312,NUSA TENGGARA TIMUR,NGADA
NUSA TENGGARA,53,5313,NUSA TENGGARA TIMUR,MANGGARAI,Manggarai,53,5313,NUSA TENGGARA TIMUR,MANGGARAI
NUSA TENGGARA,53,5314,NUSA TENGGARA TIMUR,ROTE NDAO,Rote Ndao,53,5314,NUSA TENGGARA TIMUR,ROTE NDAO
NUSA TENGGARA,53,5315,NUSA TENGGARA TIMUR,MANGGARAI BARAT,Manggarai Barat,53,5315,NUSA TENGGARA TIMUR,MANGGARAI BARAT
NUSA TENGGARA,53,5316,NUSA TENGGARA TIMUR,SUMBA TENGAH,Sumba Tengah,53,5316,NUSA TENGGARA TIMUR,SUMBA TENGAH
NUSA TENGGARA,53,5317,NUSA TENGGARA TIMUR,SUMBA BARAT DAYA,Sumba Barat Daya,53,5317,NUSA TENGGARA TIMUR,SUMBA BARAT DAYA
NUSA TENGGARA,53,5318,NUSA TENGGARA TIMUR,NAGEKEO,Nagekeo,53,5318,NUSA TENGGARA TIMUR,NAGEKEO
NUSA TENGGARA,53,5319,NUSA TENGGARA TIMUR,MANGGARAI TIMUR,Manggarai Timur,53,5319,NUSA TENGGARA TIMUR,MANGGARAI TIMUR
NUSA TENGGARA,53,5320,NUSA TENGGARA TIMUR,SABU RAIJUA,Sabu Raijua,53,5320,NUSA TENGGARA TIMUR,SABU RAIJUA
NUSA TENGGARA,53,5321,NUSA TENGGARA TIMUR,MALAKA,Malaka,53,5321,NUSA TENGGARA TIMUR,MALAKA
NUSA TENGGARA,53,5371,NUSA TENGGARA TIMUR,KOTA KUPANG,Kota Kupang,53,5371,NUSA TENGGARA TIMUR,KOTA KUPANG
KALIMANTAN,61,6101,KALIMANTAN BARAT,SAMBAS,Sambas,61,6101,KALIMANTAN BARAT,SAMBAS
KALIMANTAN,61,6102,KALIMANTAN BARAT,BENGKAYANG,Bengkayang,61,6102,KALIMANTAN BARAT,BENGKAYANG
KALIMANTAN,61,6103,KALIMANTAN BARAT,LANDAK,Landak,61,6103,KALIMANTAN BARAT,LANDAK
KALIMANTAN,61,6104,KALIMANTAN BARAT,MEMPAWAH,Mempawah,61,6104,KALIMANTAN BARAT,MEMPAWAH
KALIMANTAN,61,6105,KALIMANTAN BARAT,SANGGAU,Sanggau,61,6105,KALIMANTAN BARAT,SANGGAU
KALIMANTAN,61,6106,KALIMANTAN BARAT,KETAPANG,Ketapang,61,6106,KALIMANTAN BARAT,KETAPANG
KALIMANTAN,61,6107,KALIMANTAN BARAT,SINTANG,Sintang,61,6107,KALIMANTAN BARAT,SINTANG
KALIMANTAN,61,6108,KALIMANTAN BARAT,KAPUAS HULU,Kapuas Hulu,61,6108,KALIMANTAN BARAT,KAPUAS HULU
KALIMANTAN,61,6109,KALIMANTAN BARAT,SEKADAU,Sekadau,61,6109,KALIMANTAN BARAT,SEKADAU
KALIMANTAN,61,6110,KALIMANTAN BARAT,MELAWI,Melawi,61,6110,KALIMANTAN BARAT,MELAWI
KALIMANTAN,61,6111,KALIMANTAN BARAT,KAYONG UTARA,Kayong Utara,61,6111,KALIMANTAN BARAT,KAYONG UTARA
KALIMANTAN,61,6112,KALIMANTAN BARAT,KUBU RAYA,Kubu Raya,61,6112,KALIMANTAN BARAT,KUBU RAYA
KALIMANTAN,61,6171,KALIMANTAN BARAT,KOTA PONTIANAK,Kota Pontianak,61,6171,KALIMANTAN BARAT,KOTA PONTIANAK
KALIMANTAN,61,6172,KALIMANTAN BARAT,KOTA SINGKAWANG,Kota Singkawang,61,6172,KALIMANTAN BARAT,KOTA SINGKAWANG
KALIMANTAN,62,6201,KALIMANTAN TENGAH,KOTAWARINGIN BARAT,Kotawaringin Barat,62,6201,KALIMANTAN TENGAH,KOTAWARINGIN BARAT
KALIMANTAN,62,6202,KALIMANTAN TENGAH,KOTAWARINGIN TIMUR,Kotawaringin Timur,62,6202,KALIMANTAN TENGAH,KOTAWARINGIN TIMUR
KALIMANTAN,62,6203,KALIMANTAN TENGAH,KAPUAS,Kapuas,62,6203,KALIMANTAN TENGAH,KAPUAS
KALIMANTAN,62,6204,KALIMANTAN TENGAH,BARITO SELATAN,Barito Selatan,62,6204,KALIMANTAN TENGAH,BARITO SELATAN
KALIMANTAN,62,6205,KALIMANTAN TENGAH,BARITO UTARA,Barito Utara,62,6205,KALIMANTAN TENGAH,BARITO UTARA
KALIMANTAN,62,6206,KALIMANTAN TENGAH,SUKAMARA,Sukamara,62,6206,KALIMANTAN TENGAH,SUKAMARA
KALIMANTAN,62,6207,KALIMANTAN TENGAH,LAMANDAU,Lamandau,62,6207,KALIMANTAN TENGAH,LAMANDAU
KALIMANTAN,62,6208,KALIMANTAN TENGAH,SERUYAN,Seruyan,62,6208,KALIMANTAN TENGAH,SERUYAN
KALIMANTAN,62,6209,KALIMANTAN TENGAH,KATINGAN,Katingan,62,6209,KALIMANTAN TENGAH,KATINGAN
KALIMANTAN,62,6210,KALIMANTAN TENGAH,PULANG PISAU,Pulang Pisau,62,6210,KALIMANTAN TENGAH,PULANG PISAU
KALIMANTAN,62,6211,KALIMANTAN TENGAH,GUNUNG MAS,Gunung Mas,62,6211,KALIMANTAN TENGAH,GUNUNG MAS
KALIMANTAN,62,6212,KALIMANTAN TENGAH,BARITO TIMUR,Barito Timur,62,6212,KALIMANTAN TENGAH,BARITO TIMUR
KALIMANTAN,62,6213,KALIMANTAN TENGAH,MURUNG RAYA,Murung Raya,62,6213,KALIMANTAN TENGAH,MURUNG RAYA
KALIMANTAN,62,6271,KALIMANTAN TENGAH,KOTA PALANGKA RAYA,Kota Palangka Raya,62,6271,KALIMANTAN TENGAH,KOTA PALANGKA RAYA
KALIMANTAN,63,6301,KALIMANTAN SELATAN,TANAH LAUT,Tanah Laut,63,6301,KALIMANTAN SELATAN,TANAH LAUT
KALIMANTAN,63,6302,KALIMANTAN SELATAN,KOTA BARU,Kota Baru,63,6302,KALIMANTAN SELATAN,KOTA BARU
KALIMANTAN,63,6303,KALIMANTAN SELATAN,BANJAR,Banjar,63,6303,KALIMANTAN SELATAN,BANJAR
KALIMANTAN,63,6304,KALIMANTAN SELATAN,BARITO KUALA,Barito Kuala,63,6304,KALIMANTAN SELATAN,BARITO KUALA
KALIMANTAN,63,6305,KALIMANTAN SELATAN,TAPIN,Tapin,63,6305,KALIMANTAN SELATAN,TAPIN
KALIMANTAN,63,6306,KALIMANTAN SELATAN,HULU SUNGAI SELATAN,Hulu Sungai Selatan,63,6306,KALIMANTAN SELATAN,HULU SUNGAI SELATAN
KALIMANTAN,63,6307,KALIMANTAN SELATAN,HULU SUNGAI TENGAH,Hulu Sungai Tengah,63,6307,KALIMANTAN SELATAN,HULU SUNGAI TENGAH
KALIMANTAN,63,6308,KALIMANTAN SELATAN,HULU SUNGAI UTARA,Hulu Sungai Utara,63,6308,KALIMANTAN SELATAN,HULU SUNGAI UTARA
KALIMANTAN,63,6309,KALIMANTAN SELATAN,TABALONG,Tabalong,63,6309,KALIMANTAN SELATAN,TABALONG
KALIMANTAN,63,6310,KALIMANTAN SELATAN,TANAH BUMBU,Tanah Bumbu,63,6310,KALIMANTAN SELATAN,TANAH BUMBU
KALIMANTAN,63,6311,KALIMANTAN SELATAN,BALANGAN,Balangan,63,6311,KALIMANTAN SELATAN,BALANGAN
KALIMANTAN,63,6371,KALIMANTAN SELATAN,KOTA BANJARMASIN,Kota Banjarmasin,63,6371,KALIMANTAN SELATAN,KOTA BANJARMASIN
KALIMANTAN,63,6372,KALIMANTAN SELATAN,KOTA BANJAR BARU,Kota Banjar Baru,63,6372,KALIMANTAN SELATAN,KOTA BANJAR BARU
KALIMANTAN,64,6401,KALIMANTAN TIMUR,PASER,Paser,64,6401,KALIMANTAN TIMUR,PASER
KALIMANTAN,64,6402,KALIMANTAN TIMUR,KUTAI BARAT,Kutai Barat,64,6402,KALIMANTAN TIMUR,KUTAI BARAT
KALIMANTAN,64,6403,KALIMANTAN TIMUR,KUTAI KARTANEGARA,Kutai Kartanegara,64,6403,KALIMANTAN TIMUR,KUTAI KARTANEGARA
KALIMANTAN,64,6404,KALIMANTAN TIMUR,KUTAI TIMUR,Kutai Timur,64,6404,KALIMANTAN TIMUR,KUTAI TIMUR
KALIMANTAN,64,6405,KALIMANTAN TIMUR,BERAU,Berau,64,6405,KALIMANTAN TIMUR,BERAU
KALIMANTAN,64,6409,KALIMANTAN TIMUR,PENAJAM PASER UTARA,Penajam Paser Utara,64,6409,KALIMANTAN TIMUR,PENAJAM PASER UTARA
KALIMANTAN,64,6411,KALIMANTAN TIMUR,MAHAKAM HULU,Mahakam Hulu,64,6411,KALIMANTAN TIMUR,MAHAKAM HULU
KALIMANTAN,64,6471,KALIMANTAN TIMUR,KOTA BALIKPAPAN,Kota Balikpapan,64,6471,KALIMANTAN TIMUR,KOTA BALIKPAPAN
KALIMANTAN,64,6472,KALIMANTAN TIMUR,KOTA SAMARINDA,Kota Samarinda,64,6472,KALIMANTAN TIMUR,KOTA SAMARINDA
KALIMANTAN,64,6474,KALIMANTAN TIMUR,KOTA BONTANG,Kota Bontang,64,6474,KALIMANTAN TIMUR,KOTA BONTANG
KALIMANTAN,65,6501,KALIMANTAN UTARA,MALINAU,Malinau,65,6501,KALIMANTAN UTARA,MALINAU
KALIMANTAN,65,6502,KALIMANTAN UTARA,BULUNGAN,Bulungan,65,6502,KALIMANTAN UTARA,BULUNGAN
KALIMANTAN,65,6503,KALIMANTAN UTARA,TANA TIDUNG,Tana Tidung,65,6503,KALIMANTAN UTARA,TANA TIDUNG
KALIMANTAN,65,6504,KALIMANTAN UTARA,NUNUKAN,Nunukan,65,6504,KALIMANTAN UTARA,NUNUKAN
KALIMANTAN,65,6571,KALIMANTAN UTARA,KOTA TARAKAN,Kota Tarakan,65,6571,KALIMANTAN UTARA,KOTA TARAKAN
SULAWESI,71,7101,SULAWESI UTARA,BOLAANG MONGONDOW,Bolaang Mongondow,71,7101,SULAWESI UTARA,BOLAANG MONGONDOW
SULAWESI,71,7102,SULAWESI UTARA,MINAHASA,Minahasa,71,7102,SULAWESI UTARA,MINAHASA
SULAWESI,71,7103,SULAWESI UTARA,KEPULAUAN SANGIHE,Kepulauan Sangihe,71,7103,SULAWESI UTARA,KEPULAUAN SANGIHE
SULAWESI,71,7104,SULAWESI UTARA,KEPULAUAN TALAUD,Kepulauan Talaud,71,7104,SULAWESI UTARA,KEPULAUAN TALAUD
SULAWESI,71,7105,SULAWESI UTARA,MINAHASA SELATAN,Minahasa Selatan,71,7105,SULAWESI UTARA,MINAHASA SELATAN
SULAWESI,71,7106,SULAWESI UTARA,MINAHASA UTARA,Minahasa Utara,71,7106,SULAWESI UTARA,MINAHASA UTARA
SULAWESI,71,7107,SULAWESI UTARA,BOLAANG MONGONDOW UTARA,Bolaang Mongondow Utara,71,7107,SULAWESI UTARA,BOLAANG MONGONDOW UTARA
SULAWESI,71,7108,SULAWESI UTARA,SIAU TAGULANDANG BIARO,Siau Tagulandang Biaro,71,7108,SULAWESI UTARA,SIAU TAGULANDANG BIARO
SULAWESI,71,7109,SULAWESI UTARA,MINAHASA TENGGARA,Minahasa Tenggara,71,7109,SULAWESI UTARA,MINAHASA TENGGARA
SULAWESI,71,7110,SULAWESI UTARA,BOLAANG MONGONDOW SELATAN,Bolaang Mongondow Selatan,71,7110,SULAWESI UTARA,BOLAANG MONGONDOW SELATAN
SULAWESI,71,7111,SULAWESI UTARA,BOLAANG MONGONDOW TIMUR,Bolaang Mongondow Timur,71,7111,SULAWESI UTARA,BOLAANG MONGONDOW TIMUR
SULAWESI,71,7171,SULAWESI UTARA,KOTA MANADO,Kota Manado,71,7171,SULAWESI UTARA,KOTA MANADO
SULAWESI,71,7172,SULAWESI UTARA,KOTA BITUNG,Kota Bitung,71,7172,SULAWESI UTARA,KOTA BITUNG
SULAWESI,71,7173,SULAWESI UTARA,KOTA TOMOHON,Kota Tomohon,71,7173,SULAWESI UTARA,KOTA TOMOHON
SULAWESI,71,7174,SULAWESI UTARA,KOTA KOTAMOBAGU,Kota Kotamobagu,71,7174,SULAWESI UTARA,KOTA KOTAMOBAGU
SULAWESI,72,7201,SULAWESI TENGAH,BANGGAI KEPULAUAN,Banggai Kepulauan,72,7201,SULAWESI TENGAH,BANGGAI KEPULAUAN
SULAWESI,72,7202,SULAWESI TENGAH,BANGGAI,Banggai,72,7202,SULAWESI TENGAH,BANGGAI
SULAWESI,72,7203,SULAWESI TENGAH,MOROWALI,Morowali,72,7203,SULAWESI TENGAH,MOROWALI
SULAWESI,72,7204,SULAWESI TENGAH,POSO,Poso,72,7204,SULAWESI TENGAH,POSO
SULAWESI,72,7205,SULAWESI TENGAH,DONGGALA,Donggala,72,7205,SULAWESI TENGAH,DONGGALA
SULAWESI,72,7206,SULAWESI TENGAH,TOLI-TOLI,Toli-Toli,72,7206,SULAWESI TENGAH,TOLI-TOLI
SULAWESI,72,7207,SULAWESI TENGAH,BUOL,Buol,72,7207,SULAWESI TENGAH,BUOL
SULAWESI,72,7208,SULAWESI TENGAH,PARIGI MOUTONG,Parigi Moutong,72,7208,SULAWESI TENGAH,PARIGI MOUTONG
SULAWESI,72,7209,SULAWESI TENGAH,TOJO UNA-UNA,Tojo Una-Una,72,7209,SULAWESI TENGAH,TOJO UNA-UNA
SULAWESI,72,7210,SULAWESI TENGAH,SIGI,Sigi,72,7210,SULAWESI TENGAH,SIGI
SULAWESI,72,7211,SULAWESI TENGAH,BANGGAI LAUT,Banggai Laut,72,7211,SULAWESI TENGAH,BANGGAI LAUT
SULAWESI,72,7212,SULAWESI TENGAH,MOROWALI UTARA,Morowali Utara,72,7212,SULAWESI TENGAH,MOROWALI UTARA
SULAWESI,72,7271,SULAWESI TENGAH,KOTA PALU,Kota Palu,72,7271,SULAWESI TENGAH,KOTA PALU
SULAWESI,73,7301,SULAWESI SELATAN,KEPULAUAN SELAYAR,Kepulauan Selayar,73,7301,SULAWESI SELATAN,KEPULAUAN SELAYAR
SULAWESI,73,7302,SULAWESI SELATAN,BULUKUMBA,Bulukumba,73,7302,SULAWESI SELATAN,BULUKUMBA
SULAWESI,73,7303,SULAWESI SELATAN,BANTAENG,Bantaeng,73,7303,SULAWESI SELATAN,BANTAENG
SULAWESI,73,7304,SULAWESI SELATAN,JENEPONTO,Jeneponto,73,7304,SULAWESI SELATAN,JENEPONTO
SULAWESI,73,7305,SULAWESI SELATAN,TAKALAR,Takalar,73,7305,SULAWESI SELATAN,TAKALAR
SULAWESI,73,7306,SULAWESI SELATAN,GOWA,Gowa,73,7306,SULAWESI SELATAN,GOWA
SULAWESI,73,7307,SULAWESI SELATAN,SINJAI,Sinjai,73,7307,SULAWESI SELATAN,SINJAI
SULAWESI,73,7308,SULAWESI SELATAN,MAROS,Maros,73,7308,SULAWESI SELATAN,MAROS
SULAWESI,73,7309,SULAWESI SELATAN,PANGKAJENE DAN KEPULAUAN,Pangkajene Dan Kepulauan,73,7309,SULAWESI SELATAN,PANGKAJENE DAN KEPULAUAN
SULAWESI,73,7310,SULAWESI SELATAN,BARRU,Barru,73,7310,SULAWESI SELATAN,BARRU
SULAWESI,73,7311,SULAWESI SELATAN,BONE,Bone,73,7311,SULAWESI SELATAN,BONE
SULAWESI,73,7312,SULAWESI SELATAN,SOPPENG,Soppeng,73,7312,SULAWESI SELATAN,SOPPENG
SULAWESI,73,7313,SULAWESI SELATAN,WAJO,Wajo,73,7313,SULAWESI SELATAN,WAJO
SULAWESI,73,7314,SULAWESI SELATAN,SIDENRENG RAPPANG,Sidenreng Rappang,73,7314,SULAWESI SELATAN,SIDENRENG RAPPANG
SULAWESI,73,7315,SULAWESI SELATAN,PINRANG,Pinrang,73,7315,SULAWESI SELATAN,PINRANG
SULAWESI,73,7316,SULAWESI SELATAN,ENREKANG,Enrekang,73,7316,SULAWESI SELATAN,ENREKANG
SULAWESI,73,7317,SULAWESI SELATAN,LUWU,Luwu,73,7317,SULAWESI SELATAN,LUWU
SULAWESI,73,7318,SULAWESI SELATAN,TANA TORAJA,Tana Toraja,73,7318,SULAWESI SELATAN,TANA TORAJA
SULAWESI,73,7322,SULAWESI SELATAN,LUWU UTARA,Luwu Utara,73,7322,SULAWESI SELATAN,LUWU UTARA
SULAWESI,73,7325,SULAWESI SELATAN,LUWU TIMUR,Luwu Timur,73,7325,SULAWESI SELATAN,LUWU TIMUR
SULAWESI,73,7326,SULAWESI SELATAN,TORAJA UTARA,Toraja Utara,73,7326,SULAWESI SELATAN,TORAJA UTARA
SULAWESI,73,7371,SULAWESI SELATAN,KOTA MAKASSAR,Kota Makassar,73,7371,SULAWESI SELATAN,KOTA MAKASSAR
SULAWESI,73,7372,SULAWESI SELATAN,KOTA PAREPARE,Kota Parepare,73,7372,SULAWESI SELATAN,KOTA PAREPARE
SULAWESI,73,7373,SULAWESI SELATAN,KOTA PALOPO,Kota Palopo,73,7373,SULAWESI SELATAN,KOTA PALOPO
SULAWESI,74,7401,SULAWESI TENGGARA,BUTON,Buton,74,7401,SULAWESI TENGGARA,BUTON
SULAWESI,74,7402,SULAWESI TENGGARA,MUNA,Muna,74,7402,SULAWESI TENGGARA,MUNA
SULAWESI,74,7403,SULAWESI TENGGARA,KONAWE,Konawe,74,7403,SULAWESI TENGGARA,KONAWE
SULAWESI,74,7404,SULAWESI TENGGARA,KOLAKA,Kolaka,74,7404,SULAWESI TENGGARA,KOLAKA
SULAWESI,74,7405,SULAWESI TENGGARA,KONAWE SELATAN,Konawe Selatan,74,7405,SULAWESI TENGGARA,KONAWE SELATAN
SULAWESI,74,7406,SULAWESI TENGGARA,BOMBANA,Bombana,74,7406,SULAWESI TENGGARA,BOMBANA
SULAWESI,74,7407,SULAWESI TENGGARA,WAKATOBI,Wakatobi,74,7407,SULAWESI TENGGARA,WAKATOBI
SULAWESI,74,7408,SULAWESI TENGGARA,KOLAKA UTARA,Kolaka Utara,74,7408,SULAWESI TENGGARA,KOLAKA UTARA
SULAWESI,74,7409,SULAWESI TENGGARA,BUTON UTARA,Buton Utara,74,7409,SULAWESI TENGGARA,BUTON UTARA
SULAWESI,74,7410,SULAWESI TENGGARA,KONAWE UTARA,Konawe Utara,74,7410,SULAWESI TENGGARA,KONAWE UTARA
SULAWESI,74,7411,SULAWESI TENGGARA,KOLAKA TIMUR,Kolaka Timur,74,7411,SULAWESI TENGGARA,KOLAKA TIMUR
SULAWESI,74,7412,SULAWESI TENGGARA,KONAWE KEPULAUAN,Konawe Kepulauan,74,7412,SULAWESI TENGGARA,KONAWE KEPULAUAN
SULAWESI,74,7413,SULAWESI TENGGARA,MUNA BARAT,Muna Barat,74,7413,SULAWESI TENGGARA,MUNA BARAT
SULAWESI,74,7414,SULAWESI TENGGARA,BUTON TENGAH,Buton Tengah,74,7414,SULAWESI TENGGARA,BUTON TENGAH
SULAWESI,74,7415,SULAWESI TENGGARA,BUTON SELATAN,Buton Selatan,74,7415,SULAWESI TENGGARA,BUTON SELATAN
SULAWESI,74,7471,SULAWESI TENGGARA,KOTA KENDARI,Kota Kendari,74,7471,SULAWESI TENGGARA,KOTA KENDARI
SULAWESI,74,7472,SULAWESI TENGGARA,KOTA BAUBAU,Kota Baubau,74,7472,SULAWESI TENGGARA,KOTA BAUBAU
SULAWESI,75,7501,GORONTALO,BOALEMO,Boalemo,75,7501,GORONTALO,BOALEMO
SULAWESI,75,7502,GORONTALO,GORONTALO,Gorontalo,75,7502,GORONTALO,GORONTALO
SULAWESI,75,7503,GORONTALO,POHUWATO,Pohuwato,75,7503,GORONTALO,POHUWATO
SULAWESI,75,7504,GORONTALO,BONE BOLANGO,Bone Bolango,75,7504,GORONTALO,BONE BOLANGO
SULAWESI,75,7505,GORONTALO,GORONTALO UTARA,Gorontalo Utara,75,7505,GORONTALO,GORONTALO UTARA
SULAWESI,75,7571,GORONTALO,KOTA GORONTALO,Kota Gorontalo,75,7571,GORONTALO,KOTA GORONTALO
SULAWESI,76,7601,SULAWESI BARAT,MAJENE,Majene,76,7601,SULAWESI BARAT,MAJENE
SULAWESI,76,7602,SULAWESI BARAT,POLEWALI MANDAR,Polewali Mandar,76,7602,SULAWESI BARAT,POLEWALI MANDAR
SULAWESI,76,7603,SULAWESI BARAT,MAMASA,Mamasa,76,7603,SULAWESI BARAT,MAMASA
SULAWESI,76,7604,SULAWESI BARAT,MAMUJU,Mamuju,76,7604,SULAWESI BARAT,MAMUJU
SULAWESI,76,7605,SULAWESI BARAT,MAMUJU UTARA,Mamuju Utara,76,7605,SULAWESI BARAT,MAMUJU UTARA
SULAWESI,76,7606,SULAWESI BARAT,MAMUJU TENGAH,Mamuju Tengah,76,7606,SULAWESI BARAT,MAMUJU TENGAH
MALUKU,81,8101,MALUKU,MALUKU TENGGARA BARAT,Maluku Tenggara Barat,81,8101,MALUKU,MALUKU TENGGARA BARAT
MALUKU,81,8102,MALUKU,MALUKU TENGGARA,Maluku Tenggara,81,8102,MALUKU,MALUKU TENGGARA
MALUKU,81,8103,MALUKU,MALUKU TENGAH,Maluku Tengah,81,8103,MALUKU,MALUKU TENGAH
MALUKU,81,8104,MALUKU,BURU,Buru,81,8104,MALUKU,BURU
MALUKU,81,8105,MALUKU,KEPULAUAN ARU,Kepulauan Aru,81,8105,MALUKU,KEPULAUAN ARU
MALUKU,81,8106,MALUKU,SERAM BAGIAN BARAT,Seram Bagian Barat,81,8106,MALUKU,SERAM BAGIAN BARAT
MALUKU,81,8107,MALUKU,SERAM BAGIAN TIMUR,Seram Bagian Timur,81,8107,MALUKU,SERAM BAGIAN TIMUR
MALUKU,81,8108,MALUKU,MALUKU BARAT DAYA,Maluku Barat Daya,81,8108,MALUKU,MALUKU BARAT DAYA
MALUKU,81,8109,MALUKU,BURU SELATAN,Buru Selatan,81,8109,MALUKU,BURU SELATAN
MALUKU,81,8171,MALUKU,KOTA AMBON,Kota Ambon,81,8171,MALUKU,KOTA AMBON
MALUKU,81,8172,MALUKU,KOTA TUAL,Kota Tual,81,8172,MALUKU,KOTA TUAL
MALUKU,82,8201,MALUKU UTARA,HALMAHERA BARAT,Halmahera Barat,82,8201,MALUKU UTARA,HALMAHERA BARAT
MALUKU,82,8202,MALUKU UTARA,HALMAHERA TENGAH,Halmahera Tengah,82,8202,MALUKU UTARA,HALMAHERA TENGAH
MALUKU,82,8203,MALUKU UTARA,KEPULAUAN SULA,Kepulauan Sula,82,8203,MALUKU UTARA,KEPULAUAN SULA
MALUKU,82,8204,MALUKU UTARA,HALMAHERA SELATAN,Halmahera Selatan,82,8204,MALUKU UTARA,HALMAHERA SELATAN
MALUKU,82,8205,MALUKU UTARA,HALMAHERA UTARA,Halmahera Utara,82,8205,MALUKU UTARA,HALMAHERA UTARA
MALUKU,82,8206,MALUKU UTARA,HALMAHERA TIMUR,Halmahera Timur,82,8206,MALUKU UTARA,HALMAHERA TIMUR
MALUKU,82,8207,MALUKU UTARA,PULAU MOROTAI,Pulau Morotai,82,8207,MALUKU UTARA,PULAU MOROTAI
MALUKU,82,8208,MALUKU UTARA,PULAU TALIABU,Pulau Taliabu,82,8208,MALUKU UTARA,PULAU TALIABU
MALUKU,82,8271,MALUKU UTARA,KOTA TERNATE,Kota Ternate,82,8271,MALUKU UTARA,KOTA TERNATE
MALUKU,82,8272,MALUKU UTARA,KOTA TIDORE KEPULAUAN,Kota Tidore Kepulauan,82,8272,MALUKU UTARA,KOTA TIDORE KEPULAUAN
PAPUA,91,9101,PAPUA BARAT,FAKFAK,Fakfak,91,9101,PAPUA BARAT,FAKFAK
PAPUA,91,9102,PAPUA BARAT,KAIMANA,Kaimana,91,9102,PAPUA BARAT,KAIMANA
PAPUA,91,9103,PAPUA BARAT,TELUK WONDAMA,Teluk Wondama,91,9103,PAPUA BARAT,TELUK WONDAMA
PAPUA,91,9104,PAPUA BARAT,TELUK BINTUNI,Teluk Bintuni,91,9104,PAPUA BARAT,TELUK BINTUNI
PAPUA,91,9105,PAPUA BARAT,MANOKWARI,Manokwari,91,9105,PAPUA BARAT,MANOKWARI
PAPUA,91,9111,PAPUA BARAT,MANOKWARI SELATAN,Manokwari Selatan,91,9111,PAPUA BARAT,MANOKWARI SELATAN
PAPUA,91,9112,PAPUA BARAT,PEGUNUNGAN ARFAK,Pegunungan Arfak,91,9112,PAPUA BARAT,PEGUNUNGAN ARFAK
PAPUA,92,9201,PAPUA BARAT DAYA,RAJA AMPAT,Raja Ampat,91,9108,PAPUA BARAT,RAJA AMPAT
PAPUA,92,9202,PAPUA BARAT DAYA,SORONG,Sorong,91,9107,PAPUA BARAT,SORONG
PAPUA,92,9203,PAPUA BARAT DAYA,SORONG SELATAN,Sorong Selatan,91,9106,PAPUA BARAT,SORONG SELATAN
PAPUA,92,9204,PAPUA BARAT DAYA,MAYBRAT,Maybrat,91,9110,PAPUA BARAT,MAYBRAT
PAPUA,92,9205,PAPUA BARAT DAYA,TAMBRAUW,Tambrauw,91,9109,PAPUA BARAT,TAMBRAUW
PAPUA,92,9271,PAPUA BARAT DAYA,KOTA SORONG,Kota Sorong,91,9171,PAPUA BARAT,KOTA SORONG
PAPUA,94,9403,PAPUA,JAYAPURA,Jayapura,94,9403,PAPUA,JAYAPURA
PAPUA,94,9408,PAPUA,KEPULAUAN YAPEN,Kepulauan Yapen,94,9408,PAPUA,KEPULAUAN YAPEN
PAPUA,94,9409,PAPUA,BIAK NUMFOR,Biak Numfor,94,9409,PAPUA,BIAK NUMFOR
PAPUA,94,9419,PAPUA,SARMI,Sarmi,94,9419,PAPUA,SARMI
PAPUA,94,9420,PAPUA,KEEROM,Keerom,94,9420,PAPUA,KEEROM
PAPUA,94,9426,PAPUA,WAROPEN,Waropen,94,9426,PAPUA,WAROPEN
PAPUA,94,9427,PAPUA,SUPIORI,Supiori,94,9427,PAPUA,SUPIORI
PAPUA,94,9428,PAPUA,MAMBERAMO RAYA,Mamberamo Raya,94,9428,PAPUA,MAMBERAMO RAYA
PAPUA,94,9471,PAPUA,KOTA JAYAPURA,Kota Jayapura,94,9471,PAPUA,KOTA JAYAPURA
PAPUA,95,9501,PAPUA SELATAN,MERAUKE,Merauke,94,9401,PAPUA,MERAUKE
PAPUA,95,9502,PAPUA SELATAN,BOVEN DIGOEL,Boven Digoel,94,9413,PAPUA,BOVEN DIGOEL
PAPUA,95,9503,PAPUA SELATAN,MAPPI,Mappi,94,9414,PAPUA,MAPPI
PAPUA,95,9504,PAPUA SELATAN,ASMAT,Asmat,94,9415,PAPUA,ASMAT
PAPUA,96,9601,PAPUA TENGAH,MIMIKA,Mimika,94,9412,PAPUA,MIMIKA
PAPUA,96,9602,PAPUA TENGAH,DOGIYAI,Dogiyai,94,9434,PAPUA,DOGIYAI
PAPUA,96,9603,PAPUA TENGAH,DEIYAI,Deiyai,94,9436,PAPUA,DEIYAI
PAPUA,96,9604,PAPUA TENGAH,NABIRE,Nabire,94,9404,PAPUA,NABIRE
PAPUA,96,9605,PAPUA TENGAH,PANIAI,Paniai,94,9410,PAPUA,PANIAI
PAPUA,96,9606,PAPUA TENGAH,INTAN JAYA,Intan Jaya,94,9435,PAPUA,INTAN JAYA
PAPUA,96,9607,PAPUA TENGAH,PUNCAK,Puncak,94,9433,PAPUA,PUNCAK
PAPUA,96,9608,PAPUA TENGAH,PUNCAK JAYA,Puncak Jaya,94,9411,PAPUA,PUNCAK JAYA
PAPUA,97,9701,PAPUA PEGUNUNGAN,NDUGA,Nduga,94,9429,PAPUA,NDUGA
PAPUA,97,9702,PAPUA PEGUNUNGAN,JAYAWIJAYA,Jayawijaya,94,9402,PAPUA,JAYAWIJAYA
PAPUA,97,9703,PAPUA PEGUNUNGAN,LANNY JAYA,Lanny Jaya,94,9430,PAPUA,LANNY JAYA
PAPUA,97,9704,PAPUA PEGUNUNGAN,TOLIKARA,Tolikara,94,9418,PAPUA,TOLIKARA
PAPUA,97,9705,PAPUA PEGUNUNGAN,MAMBERAMO TENGAH,Mamberamo Tengah,94,9431,PAPUA,MAMBERAMO TENGAH
PAPUA,97,9706,PAPUA PEGUNUNGAN,YALIMO,Yalimo,94,9432,PAPUA,YALIMO
PAPUA,97,9707,PAPUA PEGUNUNGAN,YAHUKIMO,Yahukimo,94,9416,PAPUA,YAHUKIMO
PAPUA,97,9708,PAPUA PEGUNUNGAN,PEGUNUNGAN BINTANG,Pegunungan Bintang,94,9417,PAPUA,PEGUNUNGAN BINTANG